tauf,beat,apd,camax
40,1,230.19881043524148,2.385840116606591
40,2,226.05980985413714,2.2525809202943203
40,3,229.22164297123004,2.350549661732186
40,4,228.10969567206337,2.3131674627506134
40,5,228.74734783691383,2.3363925985834366
40,6,227.73741022324384,2.2960042501440174
40,7,227.7460975912877,2.3066380766163803
40,8,228.23702756369585,2.3171725434704085
40,9,228.1670251815949,2.302686046689344
40,10,228.61550603556088,2.3396514661235623
40,11,228.46302343233447,2.3140399454991596
40,12,227.86740628944926,2.2977241425362536
40,13,227.75461379098533,2.312105337232493
40,14,228.2455819886368,2.3271382305949295
40,15,228.64985614960278,2.3436585569995128
40,16,227.4014148791466,2.310339149738957
40,17,228.42180578376156,2.3326123251242
40,18,227.9256997706425,2.3018923134746556
40,19,228.13189238326322,2.322125262733368
40,20,227.50797633748243,2.315559899741267
40,21,228.41006215184098,2.3403154529526846
40,22,228.8678540400906,2.3343660476300463
40,23,227.48499331226776,2.3085954157168196
40,24,229.02992285025448,2.333728719082928
40,25,228.67699913596607,2.3386507000900534
40,26,227.38879058184193,2.3069228529553425
40,27,228.0223122166817,2.343846708289162
40,28,228.55626025689617,2.335795533495079
40,29,228.01881907283678,2.3342349681759185
40,30,228.06522775524536,2.3055147916906233
40,31,228.03875250624333,2.3104966642423737
40,32,228.64447226157063,2.3360146429499777
40,33,228.81741135100856,2.341411166810595
40,34,228.6844766533468,2.3318151624163272
40,35,227.36515248791875,2.3151662879420454
40,36,227.5730910362272,2.3031397772552915
40,37,228.45278943475932,2.341072338597057
40,38,227.28704882578677,2.3013516974365094
40,39,228.20147624117635,2.3405892447568895
40,40,229.1220673771295,2.3440851819841875
40,41,226.216271556832,2.250547379997833
40,42,229.17555981386067,2.3564118460895913
40,43,227.36888830279895,2.308127036915476
40,44,228.1017783714433,2.323272733187943
40,45,228.13945412481917,2.329367604580215
40,46,228.27311049744276,2.3263885179791
40,47,227.71985265585863,2.3056770126857384
40,48,226.89618172895462,2.287964091496881
40,49,228.45357883893666,2.330946753821928
40,50,228.4171698516111,2.3247918018824714
40,51,227.3234759476436,2.2986038985700024
40,52,229.01971321235214,2.3631654877999155
40,53,227.2572649140493,2.2815061959615
40,54,227.6804277483061,2.318060811450177
40,55,228.22501705252398,2.3334634371521368
40,56,227.55138722600168,2.311043359687653
40,57,229.68656228782493,2.3630518102948863
40,58,227.38945923497886,2.293656773652175
40,59,229.2399829046335,2.350000523849614
40,60,228.72479541739085,2.354844042380777
40,61,227.4586252071931,2.3101454005245925
40,62,227.18926220787398,2.306828313906333
40,63,228.6612006633768,2.3379869214999722
40,64,228.24489035926308,2.316823514330462
40,65,229.7131695158605,2.3746251219743613
40,66,227.07217959937043,2.2961854755821176
40,67,228.51003927933925,2.3542177098346384
40,68,227.69927152595483,2.3188962151251378
40,69,227.93960690012682,2.326922528459686
40,70,228.12016962006237,2.342419727532036
40,71,229.22707107247334,2.3531641072727942
40,72,227.28843512130334,2.31911292901094
40,73,228.40854653856513,2.3442294667486605
40,74,228.72420829535986,2.3356005464520537
40,75,226.95975615460702,2.279376815741258
40,76,228.76657870354757,2.31792118678964
40,77,229.0187192119447,2.339569337475427
40,78,228.47068618489357,2.3262382841797353
40,79,227.63730744758868,2.32229562419698
40,80,229.88773614032107,2.364645173795998
40,81,226.3826727906271,2.2867366903894073
40,82,229.12399014640323,2.3471311443055214
40,83,226.62010517236195,2.275358062161344
40,84,229.72659190613194,2.361682579258314
40,85,227.90314274363118,2.316944137376927
40,86,228.90425087419862,2.3600338420526037
40,87,227.7978083328344,2.3009863527457233
40,88,227.73333298211946,2.3310128460134885
40,89,229.22977509345947,2.357518348137363
40,90,228.358419665954,2.322828128782129
40,91,227.9329976812478,2.3334257085338064
40,92,228.96631351701944,2.357820993432619
40,93,227.7127353225078,2.3049701026923866
40,94,228.63481303030494,2.3418778539320755
40,95,226.88124826019703,2.2977541309949543
40,96,228.33730372401624,2.342965155409867
40,97,229.09654533909998,2.360539336537069
40,98,228.83768569009044,2.3438416389749532
40,99,227.11535685634954,2.2950718534660677
40,100,229.41909380860307,2.3839834322352225
40,101,227.38312219101135,2.305714903466155
40,102,228.38661317506558,2.3406623604956507
40,103,228.84606347046065,2.3419393053508832
40,104,227.99525109938986,2.319468733664548
40,105,227.09247216407311,2.311716172889766
40,106,228.84141687777446,2.3651630467842764
40,107,226.8855235779738,2.3008708140942553
40,108,229.4390260852124,2.3616102719300467
40,109,228.56697614104633,2.338618843542092
40,110,228.6479447220736,2.3319881178898343
40,111,229.13717790133524,2.334777153596849
40,112,226.03773404339154,2.2775913064018223
40,113,230.20258433952404,2.394352925558578
40,114,226.0294681798914,2.264509309783987
40,115,229.3491078797815,2.377654790619551
40,116,227.60222310414247,2.320725528742961
40,117,229.48159583314555,2.3637890180120764
40,118,227.49633630796598,2.307160032417103
40,119,228.1658088057302,2.340318679581824
40,120,227.9609543085462,2.31354553674091
40,121,228.31169490380853,2.3343812460442934
40,122,226.667601159068,2.274744327207157
40,123,228.54053221147478,2.356525279520136
40,124,229.4664789043236,2.3648366895037576
40,125,227.6517798910063,2.3219316399789123
40,126,227.9861365212637,2.3404911207111794
40,127,227.0480848349689,2.3137447695572213
40,128,228.94774384688935,2.360065859437379
40,129,227.66104700256983,2.308195087623586
40,130,228.8056359767579,2.344857095036788
40,131,226.87641023276956,2.2868755032029044
40,132,229.38487891389377,2.37211728580495
40,133,226.45147379882837,2.2810959143904297
40,134,230.66193566962465,2.4056019877467825
40,135,226.40653465668584,2.2759450813506175
40,136,228.51644058983948,2.366866544374828
40,137,227.61656667262287,2.3208287830342567
40,138,228.96745400958753,2.358402473250877
40,139,227.65054777212208,2.3115981952734797
40,140,228.87667965639412,2.348088128216437
40,141,228.10144453682733,2.3274180087755614
40,142,228.2270005071914,2.3325119023114844
40,143,228.66464585355425,2.3483950386831687
40,144,227.8473341662684,2.322451047205733
40,145,228.57009238007595,2.349295281159613
40,146,229.043953458131,2.3553422227296728
40,147,228.21788392122835,2.333805145611048
40,148,228.1894331618314,2.354921315776565
40,149,228.14048040518537,2.322741087826053
40,150,228.31652557240886,2.3431252272970875
40,151,228.17728569329483,2.3349557947137227
40,152,227.47491900567547,2.293312986320248
40,153,230.33576645894937,2.4019778589251626
40,154,228.85458050745365,2.3329496694027285
40,155,226.46815962318942,2.290458540633735
40,156,229.75602965339203,2.3822182984394145
40,157,227.34540500026924,2.305728816599173
40,158,228.06535486067878,2.335203067827283
40,159,228.90962159226183,2.3518621363669956
40,160,227.52466862730944,2.303459550235327
40,161,228.52069776962162,2.3299732630387577
40,162,228.81039039759344,2.3488198004173455
40,163,227.3126815487194,2.3066560912108747
40,164,227.81331548699382,2.34470528334165
40,165,228.02805739088217,2.319737614696568
40,166,228.56218957563397,2.3461952563794446
40,167,228.09633837096771,2.3349370332929573
40,168,227.5802430049589,2.3165717178843463
40,169,227.16215389179706,2.315763224629212
40,170,228.12963059045433,2.3337613244008772
40,171,226.9361672610903,2.29245092038527
40,172,228.67459147211775,2.3572263507434426
40,173,228.51268802751292,2.3288329867282966
40,174,227.4358610642812,2.3147168937412967
40,175,229.99948358435358,2.386690989629897
40,176,227.41221315489383,2.308222607383114
40,177,228.33812639614916,2.3592984152603216
40,178,228.63242308897316,2.337260753790913
40,179,227.90587550193595,2.316187646277504
40,180,227.78463271403598,2.3315319970054578
40,181,228.54133984489454,2.35058561089549
40,182,227.52353027085337,2.324389095097168
40,183,227.93744737975067,2.3262696914028966
40,184,228.79529994646873,2.3546626472417627
40,185,227.02517649446963,2.2913917834548703
40,186,227.85536630742718,2.3067685488600733
40,187,228.14376832874404,2.34475235709523
40,188,227.8459001510273,2.3185837147259827
40,189,229.77617223274865,2.380582639513637
40,190,226.86834313265717,2.3005619957440184
40,191,229.23029567246704,2.357259509264864
40,192,226.82474845476827,2.2856461057007653
40,193,228.09357367734628,2.344015159779688
40,194,228.87869298603619,2.3424216151600175
40,195,227.08294646823197,2.3062506155021127
40,196,228.90281957087427,2.362753561644848
40,197,227.7562086239268,2.311160069980406
40,198,228.801070898131,2.357902167861273
40,199,227.93475524337555,2.3311433032009483
48,1,242.74206524612703,2.789260233336818
48,2,233.07863044151338,2.455511288391038
48,3,242.31390913919768,2.7705999270471655
48,4,234.81706175781505,2.5073231112174725
48,5,241.68000288655412,2.747773970966144
48,6,235.10976019567602,2.507246367475909
48,7,240.0191039001188,2.6899726695019353
48,8,236.4298167151146,2.5544535473346226
48,9,239.88306149552636,2.6585241480585635
48,10,237.25529344034294,2.5960564194325437
48,11,239.59170714144238,2.6537781792178237
48,12,236.86763975842723,2.5605254622189073
48,13,238.7794702512674,2.647923727095292
48,14,237.61223478998818,2.605746367668323
48,15,239.2883064209709,2.6692208765153427
48,16,236.78203050334014,2.5882268280428127
48,17,239.24149365068752,2.6630340364751297
48,18,237.28250538923203,2.5771167838797764
48,19,238.9740927231196,2.6507480323571047
48,20,236.94061758030057,2.5970128808612767
48,21,239.16346144047748,2.673342134570447
48,22,238.46477289878567,2.619132181654211
48,23,237.54933867545333,2.6105981650069494
48,24,239.28421119821996,2.6406482586399354
48,25,238.38803794382147,2.6293874904213457
48,26,237.46213222726055,2.608133096579083
48,27,238.18272256243017,2.653498378791416
48,28,238.67027119703016,2.643261101365703
48,29,237.78692324479744,2.628987119178467
48,30,238.4204501152526,2.613341886825003
48,31,237.97377175116162,2.6052700639776836
48,32,238.83197113559072,2.643297400131134
48,33,238.73401359491072,2.639276849846011
48,34,238.7422771791953,2.6352206632546458
48,35,237.07940519598196,2.6051149601077475
48,36,238.06462129602915,2.61440504142691
48,37,238.42213095511215,2.641914706481246
48,38,237.28727018681275,2.5980589140742625
48,39,238.56511954309462,2.6526888598847798
48,40,239.13953814194429,2.6461891764371623
48,41,235.9411382143644,2.529811109573545
48,42,240.0236736597235,2.6858715724269375
48,43,236.35008183391983,2.5756043377692053
48,44,239.34663512411862,2.6656807940831824
48,45,237.14976254436078,2.596473675644081
48,46,239.13816600988685,2.6582456101430556
48,47,237.0452977099103,2.5804565934073467
48,48,237.60683778962448,2.6061221640878665
48,49,238.32721459566346,2.6235010746547753
48,50,238.6631764291069,2.6332997159991827
48,51,237.12371805268776,2.58553877970539
48,52,239.51347398656617,2.6861383636852603
48,53,236.49311657819635,2.5489139381005854
48,54,238.46692811748653,2.6433571555127076
48,55,237.77933017964824,2.618757787383019
48,56,237.87794632206715,2.62149344655364
48,57,239.83650878454864,2.671248913394448
48,58,236.96157245642826,2.5766861830433623
48,59,239.90905361282785,2.674948909882375
48,60,237.8743931700701,2.6292477264894196
48,61,238.0842104712574,2.6291290164504177
48,62,236.93360278245018,2.591777743333228
48,63,239.2720730115434,2.6576725903628122
48,64,237.83880023499296,2.6013314320152143
48,65,240.16055423114085,2.6990365866150694
48,66,236.17548886625445,2.56415240096155
48,67,239.59786591919692,2.694279524972472
48,68,236.88779940205495,2.5897346425647414
48,69,238.85060581115977,2.6593880272311603
48,70,237.48092871578774,2.6226059522464267
48,71,240.1261160899121,2.685646313979302
48,72,236.23027783017096,2.5855741187145265
48,73,239.4587142311393,2.6827369955580265
48,74,237.7875366573171,2.6015866564916066
48,75,237.6982518479199,2.596851741127795
48,76,238.54118546993777,2.598796144474433
48,77,239.34000695370196,2.6507404151781504
48,78,238.23391624283613,2.6129192576687115
48,79,237.7282814215905,2.6242671681598795
48,80,240.26890311080206,2.6789922454064117
48,81,235.5611566730404,2.5585591000972068
48,82,240.4178110745852,2.691022621121139
48,83,235.03837045579348,2.516360853500067
48,84,241.71968545409982,2.7358926907386225
48,85,235.65474680355328,2.5407356855574985
48,86,240.81796331055375,2.7330624752426753
48,87,236.02117166541575,2.5335054573335474
48,88,239.2868632428981,2.6862707967931017
48,89,238.16827463633308,2.620225872215853
48,90,239.15878050186438,2.6502442852521133
48,91,237.2449602803863,2.609547927554029
48,92,239.76585004383378,2.6885938653246306
48,93,236.99963946670323,2.5761351923357445
48,94,239.65043124285876,2.6779705483365657
48,95,235.822814617095,2.5598239998152614
48,96,239.64219323154248,2.6907210484516537
48,97,238.10028990674255,2.630092814804639
48,98,239.68437914362949,2.6751334056498046
48,99,236.21377919306542,2.5594921432649427
48,100,240.6466773641696,2.737425379564481
48,101,235.9454889431654,2.5574757415086546
48,102,239.79706773361977,2.689144926785694
48,103,237.81823343290307,2.60505780458261
48,104,238.6934218258466,2.6413455689364116
48,105,236.53887340327492,2.5893564043188726
48,106,239.64923266511687,2.699051992205449
48,107,235.9985428113141,2.5677872022963313
48,108,240.74455240647148,2.7099001660911557
48,109,237.22231834123158,2.592442134628191
48,110,239.904253036897,2.6739404980471693
48,111,238.08887205008068,2.5956451701616445
48,112,236.53526933982357,2.5898889709906134
48,113,240.53496662689577,2.709503977496336
48,114,235.0264903737334,2.523960273768108
48,115,240.89445386279112,2.7366422623117335
48,116,236.03676672331494,2.5677244542738835
48,117,241.083642003141,2.723906898761109
48,118,235.7104332341696,2.544719857812942
48,119,239.72334768531437,2.697540683113096
48,120,236.53515111977322,2.5596103683669895
48,121,239.65561102738138,2.6823759008665786
48,122,235.40908388330718,2.5241853341241782
48,123,239.930903000095,2.7079700633579207
48,124,238.28578925522743,2.6233566918825164
48,125,238.28091877348197,2.64208964204196
48,126,237.63004409037967,2.6305822031874597
48,127,237.23167977522098,2.6187554184036705
48,128,239.2598781595225,2.6695948624858334
48,129,237.1962169567123,2.589086998555893
48,130,239.40075935069763,2.66419480933736
48,131,236.13528614667302,2.556892633274785
48,132,240.58606511275138,2.7137941127975767
48,133,234.95099160933023,2.5267444840651763
48,134,242.5690777932832,2.7833747269110405
48,135,233.8267274162863,2.4882224692821615
48,136,240.97211622456234,2.763202913064623
48,137,235.29865165615047,2.539859585917823
48,138,241.16783853191737,2.7377728710832487
48,139,235.4055536931046,2.5358579762631592
48,140,241.11303573027544,2.72679544219804
48,141,235.9365608047956,2.5513456669663652
48,142,240.201579953311,2.699105954061347
48,143,236.85737899318337,2.5861709437410756
48,144,239.3498045435481,2.671270258716235
48,145,237.51836800824094,2.612760402664572
48,146,239.9588378398039,2.6913088330767376
48,147,237.38491535599314,2.6051661123009953
48,148,239.12631360737578,2.6910863710472452
48,149,237.3980538028918,2.594637979113963
48,150,239.0116492322486,2.667507228533491
48,151,237.5177984047914,2.610557855639841
48,152,238.09715208617854,2.6030158896914637
48,153,240.11729570459283,2.6997075670291584
48,154,238.74638507371128,2.6290733389797483
48,155,236.35321782838582,2.580858504803502
48,156,240.44655458715715,2.711231292875254
48,157,236.3511247281931,2.568716135394562
48,158,239.1089388708424,2.671396863362124
48,159,238.12361002778925,2.6236937300255683
48,160,237.92511793173617,2.6109038132603795
48,161,238.4358009915013,2.6227220461220035
48,162,239.19327586973668,2.659518555081537
48,163,236.95126043390337,2.5895396097445333
48,164,238.32677627889643,2.662983695817169
48,165,237.78762477678538,2.60734897823483
48,166,238.96932134257077,2.660338592838382
48,167,237.63926884381362,2.6188373722370333
48,168,238.07109958930232,2.628317926606867
48,169,236.9210432904074,2.604392437233752
48,170,238.6178823392911,2.6491710801396713
48,171,236.51624882581382,2.5699056266570426
48,172,239.42464275893144,2.686258354791843
48,173,237.90348126914614,2.6049637230400657
48,174,237.8573878716852,2.6257139313973417
48,175,240.07982417873427,2.694030974230294
48,176,236.85340413300582,2.586376726135599
48,177,239.00231116056239,2.6872709976360674
48,178,238.29363101065974,2.622333972626303
48,179,238.1311636063183,2.619147167345699
48,180,237.75489353219018,2.6295220636398486
48,181,238.827692740997,2.661334016701261
48,182,237.17014321951137,2.6146018624244483
48,183,238.51488471625635,2.6426239642735965
48,184,238.5809249505328,2.647591671261885
48,185,237.1155066302017,2.587921735987952
48,186,238.26547747753648,2.6108969962906885
48,187,238.00067520677112,2.644525479696599
48,188,238.132575166499,2.6238601793174254
48,189,239.73709040952963,2.682312532227489
48,190,236.3604650517591,2.5811953381272885
48,191,239.98174137617752,2.685541212890596
48,192,235.97391646275355,2.5525443998646358
48,193,239.07443104634876,2.676718563670291
48,194,238.22655637761636,2.6199878804001657
48,195,237.53476661821333,2.617400638846656
48,196,238.9606266814808,2.6660946101767213
48,197,237.72324012913305,2.605600997629109
48,198,239.23077487994306,2.673200052055267
48,199,237.55464630759525,2.6163580669365687
52,1,253.02983552941208,3.122167599096335
52,2,224.80580927875667,2.210337350162134
52,3,255.50217944638985,3.229005002243956
52,4,224.38713917357086,2.184349900252781
52,5,254.94300650238188,3.241697749888268
52,6,223.1075574385061,2.17044792365305
52,7,255.9507655330549,3.28927217814097
52,8,221.55047559100421,2.1383141964097785
52,9,257.20416331738306,3.323722198407502
52,10,220.47883692260257,2.1261934625859626
52,11,258.77380899122727,3.3840283881569344
52,12,218.88477804576587,2.087530823097424
52,13,259.2001655917843,3.4621250196365967
52,14,217.74833430241551,2.069760645662935
52,15,258.6362391144421,3.4043058062778266
52,16,218.14395132176196,2.072651343361219
52,17,260.05430106941276,3.468607793613616
52,18,214.27534037873284,2.0096865890935702
52,19,261.1828970211436,3.540786356144198
52,20,215.66048840818075,2.0339056925848844
52,21,259.87996316407225,3.5227761208962374
52,22,218.11381908967178,2.066741710948396
52,23,258.4085388682406,3.4087718925760564
52,24,218.99643369240584,2.0810406148603375
52,25,259.28804141737237,3.406891108601702
52,26,218.22301689647247,2.0592086318742844
52,27,257.9810973231779,3.3672564976698545
52,28,221.2448926342986,2.1125492964954216
52,29,257.3478733948741,3.3370814203900054
52,30,219.9832187394586,2.0889235168548814
52,31,257.9806277178177,3.3518099082048134
52,32,219.4775189901393,2.082513972819223
52,33,259.0731779299422,3.425376771096612
52,34,215.05680069668233,2.0145651013779853
52,35,259.7651527018461,3.501583854571996
52,36,217.54251244424267,2.049033935794542
52,37,260.05472664479385,3.461515103295013
52,38,215.9858304588888,2.0269181161220544
52,39,260.17741043133356,3.4703720208683113
52,40,217.204353151159,2.035092189724773
52,41,260.764564791265,3.459899295404521
52,42,213.26992573963435,1.9794970196202297
52,43,261.73718097856363,3.5256613512163084
52,44,213.948672567034,1.9794398322113749
52,45,261.42631707817054,3.540995799281157
52,46,213.037956302991,1.9625540929392091
52,47,261.5450426903153,3.5673806092602276
52,48,214.16106954472707,1.9755796190523767
52,49,260.0440798895579,3.4742520583920364
52,50,215.972726746244,2.0090453520845144
52,51,260.8466358377318,3.4866609711374466
52,52,213.48865841411862,1.9744253969434105
52,53,261.43891261353383,3.5159449912885647
52,54,213.8850828389168,1.9826511274436895
52,55,260.61748022354186,3.494580846592911
52,56,213.3594557317192,1.9624744347385632
52,57,260.9572547058051,3.4919872186711824
52,58,214.4423853801709,1.9751278217888846
52,59,260.4288041254222,3.4814370860837442
52,60,214.62929999816333,1.9832772592618866
52,61,259.9862841689719,3.4329257594551157
52,62,216.1382205970258,1.9989420751846103
52,63,259.5182746675018,3.4192531388940077
52,64,217.8934514328721,2.0461498405814793
52,65,258.9162582331737,3.376221493321746
52,66,216.99163977125863,2.015477662500777
52,67,259.4564514859376,3.379225224965107
52,68,215.5211633545041,2.004608078072956
52,69,260.43529177393066,3.467455261698674
52,70,215.99673921004432,1.9929993768650691
52,71,260.6641426833339,3.432046078023229
52,72,216.4975936023293,2.00444565053194
52,73,259.56473117088535,3.412592112036846
52,74,217.0934560875976,2.018265782587165
52,75,261.7192702010507,3.4690724229984533
52,76,212.63589650940776,1.9420378313563136
52,77,262.1227075085844,3.5131853905639083
52,78,211.6155489992052,1.9352860215427303
52,79,262.01178061510655,3.559918801548644
52,80,213.4936974367447,1.9632322727760418
52,81,261.1841786166515,3.5180494257794157
52,82,214.65424573774362,1.9781765113997163
52,83,260.53092778091013,3.4704426185627453
52,84,214.3838122344314,1.9758242649338265
52,85,261.68409841628454,3.5198830292215875
52,86,212.6032655104973,1.940297457309084
52,87,261.45148238878755,3.479731795720881
52,88,210.78159772456274,1.9167989986832574
52,89,262.85335132384716,3.5867942258008774
52,90,210.41806091550825,1.900051400735578
52,91,263.32831735478976,3.6148979679312303
52,92,210.8168485615206,1.9109008600302526
52,93,261.97174180997536,3.533050476866203
52,94,210.8165336495549,1.9063956580214418
52,95,262.72696247877684,3.564170444326521
52,96,211.8340077454086,1.9251666908591913
52,97,261.7297876574412,3.527916867886144
52,98,211.78608016582075,1.9208151344232314
52,99,261.5826004801529,3.5106674263873807
52,100,213.74813245868427,1.9461121396107417
52,101,261.17605588639344,3.4332769647340724
52,102,212.28033766493536,1.9263658190797874
52,103,263.38396006280163,3.5860057766642686
52,104,208.64672491578312,1.8726812237942985
52,105,262.27028503148904,3.55124830697679
52,106,211.70823047553495,1.9235466010019722
52,107,261.8957763575927,3.502814868872869
52,108,212.39035858704665,1.9305714900278448
52,109,261.35521310391414,3.490023714497711
52,110,214.6804418643951,1.9674251708315367
52,111,260.72091499183443,3.448725629643136
52,112,216.12678324178705,1.9863426504857837
52,113,259.43617993163207,3.3649912150680454
52,114,215.8589332048141,1.9887964920126222
52,115,260.10754244158306,3.3994765592341785
52,116,216.30951980949612,1.9829662773658119
52,117,258.6656411125805,3.372395058466659
52,118,218.41295560548315,2.015292350842526
52,119,258.09274987217213,3.318067908022425
52,120,218.62225754751853,2.0319061989870484
52,121,259.2246552525976,3.318263946130378
52,122,216.73384860128863,1.995758211445181
52,123,258.4843921076026,3.318718579471513
52,124,218.79159356833406,2.0353537407727678
52,125,259.0641424544592,3.292072480352117
52,126,218.70571714700782,2.028652925353834
52,127,258.4904044515424,3.3569103272350196
52,128,217.60391566010367,2.0098847898492607
52,129,258.2475625334919,3.3325090252756406
52,130,220.2428785555021,2.060270707327386
52,131,258.5678281368746,3.31742989303117
52,132,218.31167876296968,2.033241272900846
52,133,259.1082941552668,3.3499115020456665
52,134,220.06300843016652,2.063000927393406
52,135,256.7270755369973,3.2325871383923213
52,136,222.63158136026323,2.115480184721073
52,137,255.80749259828008,3.2249566982798665
52,138,224.01376740161504,2.1513729891740616
52,139,256.18173920345,3.212254206955552
52,140,222.11250422629382,2.1114526860345886
52,141,256.3541785684356,3.2277741329382885
52,142,222.681308149884,2.1282928145218127
52,143,256.2040371005569,3.237313315404123
52,144,223.9832547529586,2.1345036982510037
52,145,254.61356418541254,3.140278780511278
52,146,225.62750491106272,2.171454773080084
52,147,252.36498750311148,3.07149841171958
52,148,227.11335545228212,2.226874955774852
52,149,253.37175424856832,3.104305889069794
52,150,227.16785795724718,2.2145100012060714
52,151,253.2054855599563,3.070839006953627
52,152,228.2402817082475,2.250844707253463
52,153,250.89657016695855,3.0141093108041375
52,154,230.6690593598687,2.315550237252164
52,155,250.6407177908477,2.98139512986967
52,156,230.64255515112018,2.298732133836765
52,157,250.88904130805895,2.975050567831628
52,158,230.35121536759107,2.3025706742563883
52,159,251.7039060107636,3.009771614500724
52,160,228.94722551001178,2.281170909749855
52,161,251.99631836019398,3.0511396036828864
52,162,228.87113238837628,2.2716730476357982
52,163,252.87899761973677,3.089771224688998
52,164,227.8328134761614,2.2619260025141514
52,165,252.63309160529752,3.0883590675011456
52,166,229.69822570586985,2.2992159021531875
52,167,250.8527793830799,2.998422352846084
52,168,231.7316853298762,2.353129319899429
52,169,250.3133866201024,2.9897709626212667
52,170,230.74876967030286,2.314793837271405
52,171,251.5711899800517,3.033757245305227
52,172,229.04339902573702,2.295179337774352
52,173,251.82260662926274,3.068934424667553
52,174,228.8150982547304,2.2813166242361516
52,175,251.661125438397,3.036767592435923
52,176,231.36353918008535,2.3522989632052558
52,177,251.22177070280304,3.0374692634539873
52,178,230.9101430230803,2.3274525956095538
52,179,251.4706417598136,3.0125181963663454
52,180,229.13765473049716,2.3002308324589036
52,181,252.01029376379302,3.0632125267861334
52,182,227.7948290667846,2.2580249125349625
52,183,253.97829425711825,3.148861908933256
52,184,226.56133734658215,2.24055214493376
52,185,253.83285390539095,3.164756399864131
52,186,226.22186532544583,2.232086711836645
52,187,253.63700975958636,3.1655729262711145
52,188,228.23215151030308,2.2813183010003164
52,189,253.40154548130522,3.1635301174378045
52,190,227.8437196708037,2.262734264299294
52,191,253.64995563677803,3.157605406457704
52,192,225.46328724265913,2.2234761202980664
52,193,254.58594278309465,3.1796211319496455
52,194,225.81179683677328,2.2153845370622216
52,195,253.7460618566547,3.1711786424639885
52,196,225.90630616184353,2.225765668354373
52,197,255.13067851898086,3.2211308757502577
52,198,223.57554140584398,2.1736266159259
52,199,256.3547174870182,3.284356680687341
55,1,181.60499782114996,1.4539181331705324
55,2,274.3634570376494,3.963715750420274
55,3,184.72890979441172,1.4714192359863862
55,4,275.514640860742,3.9819616228029764
55,5,182.50425566895092,1.460574404784377
55,6,274.83485195089247,3.9710641779956855
55,7,184.69686463346784,1.4773690031029454
55,8,274.2344344738149,3.9310683663705412
55,9,185.81127842992055,1.4823257107963737
55,10,274.08859280810657,3.939644846990753
55,11,187.21808703476336,1.489693026388308
55,12,274.2292852757514,3.925831607873738
55,13,187.76792099956538,1.5032525720664918
55,14,273.7455344035643,3.901874860269128
55,15,184.76364769046177,1.4753900088079153
55,16,274.77701344354955,3.9707415274814335
55,17,186.23712340556722,1.4875368897283714
55,18,273.2112371564017,3.8723585562655383
55,19,188.34856501088325,1.5054608993139287
55,20,274.10072000623404,3.9615635945788887
55,21,186.95738778745,1.5025639143836338
55,22,274.976887682079,3.998168192709137
55,23,183.622783176359,1.4727944012817245
55,24,275.4248153532453,4.037512828949764
55,25,183.43929165597456,1.4682676759572277
55,26,275.7303982575231,4.043890074976177
55,27,180.79152035856987,1.4490498193910704
55,28,276.738481549256,4.130479438802585
55,29,180.30304137267558,1.4447043631737124
55,30,276.17180561442,4.073487092383551
55,31,181.52308198743413,1.4533969202252006
55,32,275.56106124690996,4.033874045695778
55,33,185.12294237158858,1.477926350719608
55,34,272.8803612929296,3.889610728049513
55,35,189.3408046584609,1.5129396786915945
55,36,273.6629827096731,3.8877296181517336
55,37,188.76837109432017,1.5089778520666326
55,38,273.38548154633827,3.875839328716994
55,39,188.72437617260948,1.5100273713362693
55,40,274.1638390440894,3.9246740274427876
55,41,187.71715142759058,1.5013109333828771
55,42,273.12829287265777,3.8760521402243486
55,43,188.05828113889038,1.5010327217936137
55,44,274.3036590878364,3.9268839086873366
55,45,186.8732315535617,1.4997012220344508
55,46,274.1508643600391,3.9317641311586797
55,47,186.3879952409352,1.4944053703731346
55,48,274.95958559989776,3.9818381492831536
55,49,183.54288689031273,1.4728606570896627
55,50,275.4480199326281,4.061449082136203
55,51,184.6810133203362,1.4801442432079601
55,52,274.4075906252692,3.988862056101816
55,53,185.3597153576411,1.4829325573330308
55,54,274.65721764712725,4.01471633152775
55,55,183.6622753325246,1.4719382319857715
55,56,274.3966669054207,3.9657576025265926
55,57,185.29088559278898,1.4789929691734645
55,58,274.76005948358943,3.968581217355661
55,59,184.80707327294294,1.4810403519349662
55,60,274.4822659024103,3.985530956066778
55,61,183.22740375063586,1.4646724889418108
55,62,275.549269561212,4.026762252415624
55,63,183.04028051377463,1.4650533263123848
55,64,275.09117187303127,4.059288444943783
55,65,183.99390457129994,1.4724236906895438
55,66,274.5774136718137,3.96690941591802
55,67,184.5321337676287,1.4739674252040407
55,68,273.4315566977675,3.9458099784514054
55,69,189.10123419133743,1.5120305513885641
55,70,273.9352857226804,3.8647109190644104
55,71,186.97003454854712,1.4915324415836289
55,72,275.05518788751215,3.9700906921171146
55,73,183.385812643206,1.468575384006561
55,74,275.4062898946868,4.050811249220309
55,75,186.02573233903968,1.4852101986613535
55,76,274.58257295488875,3.9397671569274957
55,77,185.32128301959528,1.4800519604837135
55,78,273.9504993938135,3.9718745673411817
55,79,186.51971108070575,1.4927762909396545
55,80,274.43229219535715,3.9830471472797324
55,81,186.09160984288974,1.4912118717912923
55,82,274.55353632881815,3.9819160465308006
55,83,185.39150656553102,1.4844609766525383
55,84,273.7882927045903,3.940787819923432
55,85,189.1687980975621,1.51346719847239
55,86,273.3912621390773,3.8618030520580104
55,87,187.257858735451,1.4960748610328238
55,88,272.74935612348054,3.8647354061775667
55,89,190.54078215277332,1.5250595189606881
55,90,273.1583603534382,3.836588620401645
55,91,190.11298031223123,1.5221551214296367
55,92,273.72029147140347,3.898081229351511
55,93,186.30413512091764,1.494407943343042
55,94,273.8615726837306,3.909346764076234
55,95,187.9672991242478,1.5058065975462565
55,96,274.60980942437163,3.965643439049247
55,97,184.8122942874943,1.4858866917808136
55,98,274.4760791740555,3.9857361938618943
55,99,185.12839468196398,1.4854793005868216
55,100,275.08927324388424,3.99096547187528
55,101,183.13312261953251,1.4643651468654701
55,102,274.6450548724606,4.009564295150452
55,103,188.28127902260167,1.5092860974534525
55,104,273.61756422556573,3.8881424001801084
55,105,186.20756999097284,1.494146371217118
55,106,273.6911572204008,3.9562438937561057
55,107,186.82491838170245,1.4971070859034898
55,108,273.68624449966956,3.9285201976853106
55,109,187.16531102854788,1.5011504170750773
55,110,274.06273024676193,3.9810876765003296
55,111,187.4889954930768,1.5051818326957074
55,112,274.5540803648619,3.977436713104895
55,113,184.28790163040685,1.4774525775360068
55,114,274.15843645831046,3.991273571700559
55,115,186.4526228321556,1.4951539268225738
55,116,274.69255657806207,3.9845244197754326
55,117,184.81688395079254,1.4853799007646675
55,118,275.15991134051,3.9876919457044515
55,119,184.08840835174487,1.476698211408359
55,120,274.26515076075884,3.9762302796257534
55,121,186.49901470396435,1.4881300942385907
55,122,274.1582786887666,3.9168182518527064
55,123,184.85632631892076,1.4800225629949881
55,124,274.43437887662003,4.015071206967544
55,125,185.356752397347,1.4806293894376643
55,126,275.7034217782639,4.010519471374696
55,127,183.52662065865297,1.4761826081824159
55,128,275.42820332090923,4.012867692925831
55,129,182.32137277701258,1.4622920211445387
55,130,276.12129657444166,4.085457674274792
55,131,182.72723577556462,1.4636674199842639
55,132,275.22849216080795,4.03630641616135
55,133,184.85808309385175,1.4821200318248882
55,134,275.5802382081092,4.0648349272284605
55,135,180.5256532437852,1.4450868134428547
55,136,276.261403126613,4.12656572744832
55,137,181.74275989957823,1.4590407642501866
55,138,275.85457924305956,4.113701193180548
55,139,184.09810335948714,1.473340793267026
55,140,274.52629496593,3.988176457552648
55,141,185.71477786238393,1.4823177015652795
55,142,274.22229908796,3.9689156360188944
55,143,186.5261232249104,1.4918497600148912
55,144,275.40386664061225,3.973130545549959
55,145,181.77278849454888,1.4543762594730967
55,146,276.1584699379164,4.068450604482027
55,147,179.0803620496299,1.4371348549499796
55,148,275.39858112429647,4.091181339363543
55,149,184.10130496726197,1.4723695198398508
55,150,274.8858339975195,3.9838728491004054
55,151,184.2425880352239,1.4684031935252781
55,152,275.2031578556198,4.034375394361636
55,153,182.25786836128827,1.458928987729351
55,154,275.43695024275803,4.063553184998913
55,155,182.75131824034906,1.4604096554627062
55,156,275.46269323008164,3.9953397008455642
55,157,182.68633371768374,1.4548725431532559
55,158,275.0820776331311,3.9928226683554007
55,159,184.5037068120073,1.469013435372798
55,160,274.29202558066754,3.9476525951536843
55,161,186.29265078066237,1.48735680405585
55,162,274.1219380210823,3.918897713360279
55,163,188.1877522527211,1.5028556740639076
55,164,273.5431642076728,3.8965446123816587
55,165,187.6796006341101,1.498054130290109
55,166,274.43275571209233,3.952888529863739
55,167,184.24550480877951,1.4719393772072782
55,168,275.39453010549914,4.032691918987977
55,169,183.5255164788905,1.468588475401619
55,170,275.13701338598185,3.9509877100767734
55,171,184.9906597702793,1.4771533542820399
55,172,273.88992304536805,3.9502128423893863
55,173,187.19771924563975,1.4955790866763496
55,174,273.72606976225507,3.8922430102220806
55,175,185.46302365854353,1.4767275774932522
55,176,275.4003376494293,4.024135646762786
55,177,185.29377258686873,1.4831854571587537
55,178,275.30266034217493,3.9833774710354946
55,179,183.96807015632658,1.469045725773027
55,180,274.34445932193194,3.948046680220886
55,181,186.12973799627798,1.4877168787906778
55,182,273.91242747031356,3.8708030635477653
55,183,188.643285585189,1.5064061277440028
55,184,273.7452961760355,3.8904340360560274
55,185,186.8111459689244,1.4953360155327304
55,186,274.3457874821761,3.92892840102578
55,187,184.97327163635055,1.480951584533302
55,188,275.7111397980407,4.055655807764606
55,189,184.06255417437205,1.4755321807692354
55,190,275.64076864040544,4.017731635140364
55,191,183.79153180425783,1.4716950678237621
55,192,274.23646941869083,3.9648258485375125
55,193,185.48221988035948,1.4800034124827433
55,194,274.98248544311355,3.9685310556964195
55,195,183.73063990994706,1.4725556202808425
55,196,274.6209815847178,3.977708220505289
55,197,186.3891243193939,1.4923496457938998
55,198,273.69763001329557,3.8872744905893657
55,199,188.32205809000152,1.5071328090839682
57,1,169.6136832542885,1.323212643192719
57,2,279.5347676474767,4.128517884527224
57,3,172.319373599154,1.3341338089955932
57,4,280.8115080232228,4.161556179594971
57,5,170.39117437541745,1.326911365001544
57,6,280.05756012705524,4.141248209504357
57,7,172.56199544267997,1.340418572109902
57,8,279.52593436830784,4.104110970135316
57,9,173.3021739871724,1.3422817592626282
57,10,279.535970180224,4.125324234616475
57,11,174.0117873075792,1.3444808205784518
57,12,279.85654415476165,4.129048374907041
57,13,174.47706454017452,1.35355515471737
57,14,279.45938605248375,4.1084222960608665
57,15,171.15865645461872,1.3304983666412011
57,16,280.4398016346022,4.1813989452029885
57,17,172.83853091960646,1.3412998325543855
57,18,278.9306308943924,4.075332474957907
57,19,174.5488601990246,1.352393271835607
57,20,279.91330741691945,4.182102762507321
57,21,173.40777758009153,1.3515294867252354
57,22,280.63738857626777,4.209527039463844
57,23,170.54257100954328,1.3315030377402803
57,24,280.8801409742873,4.234817571271211
57,25,170.74667418116405,1.3304938481702517
57,26,281.01335104303234,4.229342056378095
57,27,168.81221358903076,1.3195795820830025
57,28,281.70141746788795,4.2950580272909695
57,29,169.04424137820024,1.3201703347514386
57,30,281.05824895851583,4.221041577222607
57,31,170.4745144990775,1.3287537498971336
57,32,280.4276383452561,4.177765511322227
57,33,173.81575948288082,1.3460484948988023
57,34,278.0278269440005,4.04511234321584
57,35,177.1083861298721,1.3677053072678387
57,36,279.1668969611583,4.07081819177271
57,37,175.53627928263995,1.3588866365633157
57,38,279.18725510311197,4.085734240702355
57,39,174.8555700800207,1.3560246184342881
57,40,280.0404773511018,4.152901031956727
57,41,173.55602742146584,1.348328373851574
57,42,279.15837954908784,4.1073929323701845
57,43,173.44813165204505,1.344852685387116
57,44,280.35707700724925,4.16877137546933
57,45,172.63135355778468,1.345740374764123
57,46,280.06306851140107,4.163133958954155
57,47,172.3223171231184,1.3419528107299155
57,48,280.74454071410764,4.206088468798061
57,49,170.29504071214978,1.3301117998137748
57,50,280.8871893287269,4.262737658487979
57,51,171.99273035470287,1.3398564469279863
57,52,279.79548643304224,4.173936437889165
57,53,172.5424076361869,1.3407376786999268
57,54,280.0842712783997,4.203512696719546
57,55,170.9415029794236,1.3330321762867234
57,56,279.776122802381,4.149544515909815
57,57,172.67438392316035,1.3389181754178385
57,58,280.134864323325,4.1500329832917595
57,59,172.29844090995903,1.340708758100413
57,60,279.83837945325286,4.167935815862933
57,61,170.6084710263858,1.3278441202932023
57,62,280.8525847230303,4.210428381300353
57,63,170.92101784545957,1.3305526568217554
57,64,280.23290801772237,4.230139608406747
57,65,172.01261848257127,1.3384218509323607
57,66,279.7815730499242,4.134345473627989
57,67,172.20457277117748,1.337504743120928
57,68,278.75999842975943,4.123028875522625
57,69,176.34709798593758,1.3643072372630245
57,70,279.5861619174575,4.056726658518957
57,71,173.472458334556,1.3431998425002536
57,72,280.7423414059922,4.184315357078244
57,73,170.09191539874155,1.3270013538821581
57,74,280.8746231081859,4.256873538309054
57,75,173.0144120274199,1.343059268051987
57,76,280.14708145642726,4.138127760710262
57,77,172.23719450097633,1.3377390754513199
57,78,279.457979621362,4.171601996417126
57,79,173.4215808208064,1.347398026434305
57,80,279.9777687700116,4.180676074065255
57,81,173.0311814628185,1.3459410802539236
57,82,280.08503803814165,4.180751961656257
57,83,172.36868348662392,1.3409473051414147
57,84,279.3127770140127,4.133598272860082
57,85,175.93380177442305,1.3620313110802227
57,86,279.18465729263335,4.066024319944065
57,87,173.4505340753567,1.3451891529599247
57,88,278.64857923731324,4.081956690913645
57,89,176.27391746303329,1.3642931521104982
57,90,279.26935573480296,4.067799522305165
57,91,175.26318260682092,1.3575022177280658
57,92,279.92279246364706,4.14543112663285
57,93,171.577868631186,1.3376182102111018
57,94,279.8934313775899,4.144330794528943
57,95,173.66372371964098,1.3489464027277662
57,96,280.54316549278883,4.193442797591699
57,97,170.89327325717022,1.3354729685815572
57,98,280.1958327431021,4.200956978119969
57,99,171.72526765756265,1.3383905892581964
57,100,280.65739364916226,4.1879701935074936
57,101,170.14549859492763,1.3242732604401937
57,102,280.02574297512547,4.197129945348315
57,103,175.42962478543268,1.3607026538941478
57,104,279.22095740141594,4.076230084939556
57,105,173.03859543109866,1.3458864197039329
57,106,279.22390265643116,4.148011401728793
57,107,173.6152976208141,1.3487356827379915
57,108,279.30449106889864,4.1217147761156605
57,109,173.7831694952256,1.3499749321484311
57,110,279.66537916228117,4.1824230065225665
57,111,174.12869947039144,1.3542094994237381
57,112,280.18037216626544,4.179617507242747
57,113,171.1086679142827,1.3333653321906669
57,114,279.65365372291126,4.1831341469722805
57,115,173.4009701218747,1.3482491528828748
57,116,280.1900680824765,4.179119584257212
57,117,172.0656547037288,1.3419995441564785
57,118,280.55001224578155,4.168889141858377
57,119,171.63947119083605,1.336640022543551
57,120,279.5755207016846,4.150385844529673
57,121,173.80368819135765,1.34557957152745
57,122,279.6504974934578,4.098526280614186
57,123,171.96675213892013,1.3370483421259705
57,124,279.808736326675,4.204434207498126
57,125,172.5485336535785,1.3399255282787674
57,126,281.1410256132731,4.197768237771199
57,127,170.98510028547753,1.336253087362655
57,128,280.771348257731,4.194851074460357
57,129,170.05163646841538,1.3275318695752798
57,130,281.25678834857536,4.256574513394021
57,131,170.84422946818086,1.3312528788595501
57,132,280.32964882558736,4.200086280156915
57,133,173.04972178127355,1.3467338233370219
57,134,280.6559728692664,4.2309191928309575
57,135,168.91039875440038,1.3185534837931794
57,136,281.1533368263845,4.282085189125839
57,137,170.66973222453817,1.3329780919635617
57,138,280.67766997253057,4.260121018016184
57,139,172.92155528358126,1.3440157170777451
57,140,279.5405831536409,4.141377909643888
57,141,173.94373083090613,1.3476411904615249
57,142,279.43795737594337,4.136097189751835
57,143,174.13014909545745,1.3511307563412
57,144,280.82451447284984,4.162584340696142
57,145,169.42097577296954,1.3223588332648681
57,146,281.36112680952647,4.253721821275501
57,147,167.52166448388743,1.3137330842476682
57,148,280.32156736703473,4.25120601127198
57,149,172.74388574034674,1.3432553653476127
57,150,279.9352358012766,4.14369741729445
57,151,172.50359586619743,1.3377880188785387
57,152,280.30533501804894,4.206807826586371
57,153,170.62131750909612,1.3308436759268403
57,154,280.4917966984358,4.232231923083021
57,155,171.05075373864383,1.3320501884856364
57,156,280.61159220713307,4.16547837965744
57,157,170.73462054193806,1.325716487514612
57,158,280.2720117813442,4.1688348284140755
57,159,172.2985801271352,1.3356288438153379
57,160,279.64734056690213,4.131903867254533
57,161,173.66168552562158,1.3472250916710924
57,162,279.64449757587136,4.116205320910749
57,163,175.10691041823156,1.3567316355935437
57,164,279.2913669159316,4.109080609650763
57,165,173.93881589223747,1.3487306831049208
57,166,280.23199260173715,4.17970223928239
57,167,170.72602619818645,1.3300725146718961
57,168,280.99166779534426,4.251203969709925
57,169,170.46259711738094,1.3302850543087033
57,170,280.6871147306083,4.152662104968127
57,171,172.0494168741352,1.3364893491237915
57,172,279.388875503304,4.151254835914916
57,173,174.09171611681086,1.350354769591393
57,174,279.39218801882816,4.097105371307528
57,175,171.95946819076926,1.3327066260637124
57,176,281.0068159903094,4.238289550813733
57,177,172.23628555521282,1.3409474183652252
57,178,280.85092240961967,4.187557156931794
57,179,171.12131626945484,1.3311874657613654
57,180,279.81036232414044,4.140867362609648
57,181,173.39452878248267,1.346423004624429
57,182,279.5078556029257,4.062347597453195
57,183,175.29617447884812,1.3559628607205492
57,184,279.55339809962607,4.104323647385088
57,185,172.98095411061513,1.3447846613039682
57,186,280.2196152235556,4.153241117261848
57,187,171.10264281796117,1.3333128923701147
57,188,281.40564717649977,4.280761540921152
57,189,170.85998653541174,1.3337282728172848
57,190,281.1358124770122,4.218987431945406
57,191,171.0859876603863,1.3330839108662897
57,192,279.63548173583695,4.1514924373122675
57,193,172.65871429438266,1.3391143361544222
57,194,280.4430129179382,4.161661667211578
57,195,171.08184723280283,1.3333722451432692
57,196,280.0074081000712,4.165292951946338
57,197,173.6660450177951,1.348953698664492
57,198,279.2410270680921,4.078227891377366
57,199,175.03790059172024,1.3565650907455578
60,1,154.92912451836585,1.214259398702319
60,2,285.9187169025314,4.338088640464333
60,3,157.9870366228905,1.2161263825776492
60,4,287.09512808158354,4.374544718517174
60,5,155.97218313221993,1.2149641551981625
60,6,286.3815340667277,4.346132713396892
60,7,158.36824412879787,1.2227371032229062
60,8,285.8559502213452,4.310618674129085
60,9,159.20816893578512,1.2225837686053376
60,10,285.8800457683178,4.333775209560572
60,11,159.48571496849854,1.2231590228157263
60,12,286.24423337965163,4.346948426022691
60,13,159.90504808795913,1.230499949847215
60,14,285.9134334684427,4.326063466712903
60,15,157.00036743018518,1.2141984595465063
60,16,286.69045369909327,4.387879251477229
60,17,158.33438949739138,1.2238874876461547
60,18,285.37987128179157,4.285714938024826
60,19,160.1017309373501,1.2274906197214888
60,20,286.2864084734647,4.4029745406010985
60,21,159.16030189118737,1.2314289851385258
60,22,286.912248484894,4.4189724911008765
60,23,156.2729656980282,1.219296218202583
60,24,287.1221119096699,4.441492338785591
60,25,156.19178858789746,1.2184338064727926
60,26,287.25766018828745,4.440616263334902
60,27,154.49712241268207,1.2126817880262348
60,28,287.7809271652095,4.495685956225517
60,29,153.94805611103766,1.2140270619831142
60,30,287.4295986458983,4.433292023808743
60,31,155.54575391885737,1.2172998265671218
60,32,286.7949358198348,4.390284988420481
60,33,158.99387708479117,1.2258380761260699
60,34,284.5730864098987,4.261412036968151
60,35,162.38057962405765,1.2353278612205072
60,36,285.7301064463627,4.293698009044427
60,37,160.6610409218847,1.2304598721086397
60,38,285.7674782664744,4.310859545382236
60,39,160.1072293404286,1.2295143002749975
60,40,286.46920982200754,4.37706980674545
60,41,158.73703405202832,1.2267278368067454
60,42,285.69396089427937,4.3281293814524995
60,43,158.90600059134522,1.2223206306176888
60,44,286.7261372022367,4.38577766659799
60,45,158.07982669574812,1.2267222866466045
60,46,286.4058754492471,4.374742900915863
60,47,157.97139682556553,1.2230986100568253
60,48,286.99112775206595,4.4140360198774236
60,49,156.15908523686267,1.2184156781595197
60,50,287.00948999586035,4.4614403051808535
60,51,157.60554294395297,1.2254368761451349
60,52,286.0906174180054,4.377658830139164
60,53,158.37761464025607,1.2222617823862267
60,54,286.33841355823097,4.40741000805618
60,55,156.9791766255221,1.2192364673169966
60,56,285.97317670672055,4.345765879722638
60,57,158.94774334615795,1.2226749108858768
60,58,286.30486498409664,4.34229069456131
60,59,158.46165195720823,1.2238740275193412
60,60,286.0428045202025,4.365998028569783
60,61,156.99743083779322,1.2152837602322644
60,62,286.9415895090351,4.403248284605427
60,63,156.9643203920059,1.2189230399838065
60,64,286.3829903657752,4.427277747416158
60,65,158.1848114100394,1.2245584244310885
60,66,285.9979864674642,4.329890992902438
60,67,158.32643184444896,1.2212619192272307
60,68,285.023631294167,4.324581495911875
60,69,162.2181808345522,1.2380501798394514
60,70,286.05756151784954,4.26831924818081
60,71,158.96251123299953,1.2213949785529588
60,72,287.1114769317792,4.40748367405682
60,73,155.33661364531508,1.2147495472995218
60,74,287.1548039019035,4.476782701718814
60,75,157.8967074278189,1.22693224592091
60,76,286.66828080280175,4.36419012723387
60,77,157.4667434368639,1.2202013504936475
60,78,285.8282268904368,4.393636506934698
60,79,159.19308147871925,1.2274440079244937
60,80,286.27318723370263,4.388559462208466
60,81,158.84042133145704,1.227221173873571
60,82,286.3604660903984,4.3888097291954296
60,83,158.17596775890706,1.2236282034208756
60,84,285.616931416891,4.337031229621426
60,85,161.60646248522607,1.2362604351068411
60,86,285.6947842662339,4.281432464909912
60,87,159.08348451860365,1.2236068011304664
60,88,285.1021103005696,4.298482354576065
60,89,161.6951957509882,1.2355158318500392
60,90,285.810666860365,4.29243520444195
60,91,160.32643897662274,1.229668800948666
60,92,286.4570546346331,4.378373790053176
60,93,156.96837863973997,1.2197454561010965
60,94,286.29269286030467,4.361576906922835
60,95,159.24960936083517,1.2281685395415454
60,96,286.91310329780026,4.409467419749184
60,97,156.2965526390035,1.2204200301018504
60,98,286.5311932532968,4.4168014066432555
60,99,157.51463414118552,1.2229348439583414
60,100,286.93683900503675,4.392047442750429
60,101,155.82266974464437,1.212697313333176
60,102,286.2571453637938,4.404257610581549
60,103,161.0002981060752,1.2377364084445117
60,104,285.71425892568004,4.292316825300389
60,105,158.76614748819338,1.224057978380059
60,106,285.5389662029156,4.359513840131795
60,107,159.52725305626518,1.2279211616587737
60,108,285.65206859932005,4.327999112919242
60,109,159.59474042158035,1.2274808975548661
60,110,285.95471502011424,4.395254621523837
60,111,159.876786264962,1.2329276598099506
60,112,286.501608711078,4.39338293451159
60,113,156.93117363462807,1.2186938805245264
60,114,285.917657992366,4.388473487008701
60,115,159.3583090670727,1.228867866370389
60,116,286.4366965362715,4.389803946147474
60,117,158.07962491285434,1.2260194466184917
60,118,286.80310830137023,4.370765615160531
60,119,157.37650276345812,1.221220530541897
60,120,285.89846146695345,4.357534960989765
60,121,159.51249770362483,1.2258531437675753
60,122,286.0771962934523,4.311600027831962
60,123,157.72932861589652,1.2188490967751169
60,124,286.0297205372408,4.417860899131476
60,125,158.52782145488163,1.2247251474000662
60,126,287.41596352779743,4.404914625731231
60,127,155.95750074179523,1.221410215131856
60,128,287.24773906987684,4.41954051486343
60,129,155.0663229799975,1.2146690604999257
60,130,287.5888697854534,4.476543721973578
60,131,155.3771959215519,1.2180244993342135
60,132,286.817463274936,4.428208187168554
60,133,158.1948559357843,1.2277938835846618
60,134,286.9954878200224,4.453647141613915
60,135,154.60359515405435,1.210194698024348
60,136,287.2560188348871,4.481800522540615
60,137,156.35007551887975,1.2222412281275135
60,138,286.8533425382484,4.460103523922468
60,139,158.4901275760276,1.2273539124341508
60,140,285.89668882254773,4.3490900427995784
60,141,159.75589047389803,1.2269292971378674
60,142,285.77212536542356,4.340861129656831
60,143,159.84800380784145,1.228257115526949
60,144,287.1600374162226,4.3745999625404846
60,145,154.9919984568187,1.211898082885406
60,146,287.5519668967754,4.46075992853556
60,147,153.12611167228897,1.2097493981153877
60,148,286.45203567487624,4.446229717010815
60,149,158.9239174598988,1.2282141101862845
60,150,286.1162645294098,4.335865682330854
60,151,158.80014644433686,1.2225047293015185
60,152,286.39471323582256,4.40280044149184
60,153,157.2089232418366,1.2203249118656896
60,154,286.5128281056823,4.417145032565407
60,155,157.4867619394936,1.2211691331185117
60,156,286.7597753264854,4.353871246472775
60,157,156.7386553978722,1.2138788223740178
60,158,286.47909786127275,4.366914295762408
60,159,158.16580420191895,1.2200383922639817
60,160,285.9692330477192,4.336912126334778
60,161,159.51016707305826,1.2266945193540566
60,162,285.99163575014245,4.325493478003197
60,163,160.7241903911854,1.2331992658125952
60,164,285.7685780212123,4.328087988010252
60,165,159.46551260006527,1.2262102798873626
60,166,286.57998812914593,4.399623507940935
60,167,156.59619267191738,1.2175195997161488
60,168,287.16528522798035,4.457166728165059
60,169,155.95629498643393,1.219404913341139
60,170,287.0464388690307,4.359882499447977
60,171,157.28854602755746,1.2200224519362939
60,172,285.77586168423295,4.370454796982903
60,173,159.7853406387294,1.2287918372210362
60,174,285.7836346411059,4.310249935909691
60,175,157.89123757585912,1.2155678332648834
60,176,287.18954485017457,4.445122569403658
60,177,157.5416945080069,1.226172334733513
60,178,287.23081837386417,4.402094087524312
60,179,156.3008640493499,1.2179034252688574
60,180,286.22851297118905,4.355489257578701
60,181,159.14042397496814,1.2271113975827357
60,182,285.9685228320086,4.270552246201282
60,183,160.63819755087752,1.2296152764716832
60,184,286.08802706836286,4.33006067252784
60,185,158.35521753043577,1.222985922278077
60,186,286.6739889663295,4.3747233842634605
60,187,156.51894223398267,1.2171443814721252
60,188,287.6759469828685,4.499033172607565
60,189,155.39538262047427,1.2209093342135553
60,190,287.5993490310648,4.442459253541343
60,191,155.46847806422738,1.2177557651471895
60,192,286.1937724905292,4.379000654820186
60,193,157.99473669632425,1.219501794977702
60,194,286.79568148045655,4.377428049239624
60,195,156.6863250929382,1.2176379848508134
60,196,286.30169582762755,4.370061351365402
60,197,159.33952598258475,1.2281172004263678
60,198,285.63495999492443,4.28492141609905
60,199,160.62822285589937,1.2303165040089348
